ID,DATE,DEXUSEU
1,2015-04-03,1.0990
2,2015-04-06,1.1008
3,2015-04-07,1.0850
4,2015-04-08,1.0818
5,2015-04-09,1.0671
6,2015-04-10,1.0598
7,2015-04-13,1.0582
8,2015-04-14,1.0672
9,2015-04-15,1.0596
10,2015-04-16,1.0742
11,2015-04-17,1.0780
12,2015-04-20,1.0763
13,2015-04-21,1.0758
14,2015-04-22,1.0729
15,2015-04-23,1.0803
16,2015-04-24,1.0876
17,2015-04-27,1.0892
18,2015-04-28,1.0979
19,2015-04-29,1.1174
20,2015-04-30,1.1162
21,2015-05-01,1.1194
22,2015-05-04,1.1145
23,2015-05-05,1.1174
24,2015-05-06,1.1345
25,2015-05-07,1.1283
26,2015-05-08,1.1241
27,2015-05-11,1.1142
28,2015-05-12,1.1240
29,2015-05-13,1.1372
30,2015-05-14,1.1368
31,2015-05-15,1.1428
32,2015-05-18,1.1354
33,2015-05-19,1.1151
34,2015-05-20,1.1079
35,2015-05-21,1.1126
36,2015-05-22,1.1033
37,2015-05-25,.
38,2015-05-26,1.0876
39,2015-05-27,1.0888
40,2015-05-28,1.0914
41,2015-05-29,1.0994
42,2015-06-01,1.0913
43,2015-06-02,1.1130
44,2015-06-03,1.1285
45,2015-06-04,1.1271
46,2015-06-05,1.1108
47,2015-06-08,1.1232
48,2015-06-09,1.1284
49,2015-06-10,1.1307
50,2015-06-11,1.1236
51,2015-06-12,1.1278
52,2015-06-15,1.1266
53,2015-06-16,1.1238
54,2015-06-17,1.1244
55,2015-06-18,1.1404
56,2015-06-19,1.1335
57,2015-06-22,1.1378
58,2015-06-23,1.1190
59,2015-06-24,1.1178
60,2015-06-25,1.1196
61,2015-06-26,1.1156
62,2015-06-29,1.1180
63,2015-06-30,1.1154
64,2015-07-01,1.1084
65,2015-07-02,1.1090
66,2015-07-03,.
67,2015-07-06,1.1076
68,2015-07-07,1.0952
69,2015-07-08,1.1072
70,2015-07-09,1.1025
71,2015-07-10,1.1150
72,2015-07-13,1.1020
73,2015-07-14,1.1015
74,2015-07-15,1.0965
75,2015-07-16,1.0898
76,2015-07-17,1.0848
77,2015-07-20,1.0850
78,2015-07-21,1.0927
79,2015-07-22,1.0884
80,2015-07-23,1.0976
81,2015-07-24,1.0976
82,2015-07-27,1.1112
83,2015-07-28,1.1055
84,2015-07-29,1.1026
85,2015-07-30,1.0914
86,2015-07-31,1.1028
87,2015-08-03,1.0962
88,2015-08-04,1.0953
89,2015-08-05,1.0868
90,2015-08-06,1.0922
91,2015-08-07,1.0958
92,2015-08-10,1.0994
93,2015-08-11,1.1042
94,2015-08-12,1.1198
95,2015-08-13,1.1144
96,2015-08-14,1.1110
97,2015-08-17,1.1078
98,2015-08-18,1.1028
99,2015-08-19,1.1061
100,2015-08-20,1.1200
101,2015-08-21,1.1356
102,2015-08-24,1.1580
103,2015-08-25,1.1410
104,2015-08-26,1.1390
105,2015-08-27,1.1239
106,2015-08-28,1.1172
107,2015-08-31,1.1194
108,2015-09-01,1.1263
109,2015-09-02,1.1242
110,2015-09-03,1.1104
111,2015-09-04,1.1117
112,2015-09-07,.
113,2015-09-08,1.1182
114,2015-09-09,1.1165
115,2015-09-10,1.1262
116,2015-09-11,1.1338
117,2015-09-14,1.1307
118,2015-09-15,1.1260
119,2015-09-16,1.1304
120,2015-09-17,1.1312
121,2015-09-18,1.1358
122,2015-09-21,1.1204
123,2015-09-22,1.1133
124,2015-09-23,1.1160
125,2015-09-24,1.1252
126,2015-09-25,1.1192
127,2015-09-28,1.1236
128,2015-09-29,1.1246
129,2015-09-30,1.1162
130,2015-10-01,1.1200
131,2015-10-02,1.1276
132,2015-10-05,1.1200
133,2015-10-06,1.1266
134,2015-10-07,1.1249
135,2015-10-08,1.1282
136,2015-10-09,1.1363
137,2015-10-12,.
138,2015-10-13,1.1382
139,2015-10-14,1.1437
140,2015-10-15,1.1418
141,2015-10-16,1.1360
142,2015-10-19,1.1320
143,2015-10-20,1.1359
144,2015-10-21,1.1345
145,2015-10-22,1.1140
146,2015-10-23,1.1016
147,2015-10-26,1.1051
148,2015-10-27,1.1052
149,2015-10-28,1.1066
150,2015-10-29,1.0963
151,2015-10-30,1.1042
152,2015-11-02,1.1026
153,2015-11-03,1.0946
154,2015-11-04,1.0861
155,2015-11-05,1.0869
156,2015-11-06,1.0746
157,2015-11-09,1.0767
158,2015-11-10,1.0686
159,2015-11-11,.
160,2015-11-12,1.0768
161,2015-11-13,1.0722
162,2015-11-16,1.0708
163,2015-11-17,1.0634
164,2015-11-18,1.0638
165,2015-11-19,1.0746
166,2015-11-20,1.0660
167,2015-11-23,1.0602
168,2015-11-24,1.0652
169,2015-11-25,1.0616
170,2015-11-26,.
171,2015-11-27,1.0596
172,2015-11-30,1.0562
173,2015-12-01,1.0620
174,2015-12-02,1.0573
175,2015-12-03,1.0902
176,2015-12-04,1.0884
177,2015-12-07,1.0840
178,2015-12-08,1.0876
179,2015-12-09,1.0984
180,2015-12-10,1.0948
181,2015-12-11,1.1002
182,2015-12-14,1.1025
183,2015-12-15,1.0911
184,2015-12-16,1.0937
185,2015-12-17,1.0804
186,2015-12-18,1.0847
187,2015-12-21,1.0920
188,2015-12-22,1.0978
189,2015-12-23,1.0875
190,2015-12-24,1.0955
191,2015-12-25,.
192,2015-12-28,1.0983
193,2015-12-29,1.0916
194,2015-12-30,1.0912
195,2015-12-31,1.0859
196,2016-01-01,.
197,2016-01-04,1.0803
198,2016-01-05,1.0743
199,2016-01-06,1.0762
200,2016-01-07,1.0860
201,2016-01-08,1.0885
202,2016-01-11,1.0878
203,2016-01-12,1.0837
204,2016-01-13,1.0862
205,2016-01-14,1.0862
206,2016-01-15,1.0964
207,2016-01-18,.
208,2016-01-19,1.0906
209,2016-01-20,1.0908
210,2016-01-21,1.0833
211,2016-01-22,1.0814
212,2016-01-25,1.0832
213,2016-01-26,1.0846
214,2016-01-27,1.0867
215,2016-01-28,1.0952
216,2016-01-29,1.0832
217,2016-02-01,1.0888
218,2016-02-02,1.0908
219,2016-02-03,1.1051
220,2016-02-04,1.1199
221,2016-02-05,1.1131
222,2016-02-08,1.1170
223,2016-02-09,1.1300
224,2016-02-10,1.1222
225,2016-02-11,1.1362
226,2016-02-12,1.1235
227,2016-02-15,.
228,2016-02-16,1.1140
229,2016-02-17,1.1140
230,2016-02-18,1.1092
231,2016-02-19,1.1127
232,2016-02-22,1.1018
233,2016-02-23,1.1016
234,2016-02-24,1.1021
235,2016-02-25,1.1026
236,2016-02-26,1.0932
237,2016-02-29,1.0868
238,2016-03-01,1.0847
239,2016-03-02,1.0845
240,2016-03-03,1.0948
241,2016-03-04,1.1010
242,2016-03-07,1.1004
243,2016-03-08,1.1028
244,2016-03-09,1.1022
245,2016-03-10,1.1162
246,2016-03-11,1.1180
247,2016-03-14,1.1107
248,2016-03-15,1.1112
249,2016-03-16,1.1075
250,2016-03-17,1.1316
251,2016-03-18,1.1292
252,2016-03-21,1.1260
253,2016-03-22,1.1228
254,2016-03-23,1.1174
255,2016-03-24,1.1163
256,2016-03-25,1.1164
257,2016-03-28,1.1210
258,2016-03-29,1.1204
259,2016-03-30,1.1330
260,2016-03-31,1.1390
261,2016-04-01,1.1385
262,2016-04-04,1.1386
263,2016-04-05,1.1374
264,2016-04-06,1.1430
265,2016-04-07,1.1386
266,2016-04-08,1.1406
267,2016-04-11,1.1412
268,2016-04-12,1.1395
269,2016-04-13,1.1281
270,2016-04-14,1.1262
271,2016-04-15,1.1295
272,2016-04-18,1.1322
273,2016-04-19,1.1375
274,2016-04-20,1.1330
275,2016-04-21,1.1301
276,2016-04-22,1.1239
277,2016-04-25,1.1274
278,2016-04-26,1.1318
279,2016-04-27,1.1322
280,2016-04-28,1.1325
281,2016-04-29,1.1441
282,2016-05-02,1.1516
283,2016-05-03,1.1508
284,2016-05-04,1.1486
285,2016-05-05,1.1404
286,2016-05-06,1.1421
287,2016-05-09,1.1402
288,2016-05-10,1.1386
289,2016-05-11,1.1444
290,2016-05-12,1.1380
291,2016-05-13,1.1294
292,2016-05-16,1.1328
293,2016-05-17,1.1337
294,2016-05-18,1.1276
295,2016-05-19,1.1214
296,2016-05-20,1.1207
297,2016-05-23,1.1192
298,2016-05-24,1.1145
299,2016-05-25,1.1154
300,2016-05-26,1.1184
301,2016-05-27,1.1140
302,2016-05-30,.
303,2016-05-31,1.1135
304,2016-06-01,1.1165
305,2016-06-02,1.1157
306,2016-06-03,1.1330
307,2016-06-06,1.1354
308,2016-06-07,1.1350
309,2016-06-08,1.1400
310,2016-06-09,1.1329
311,2016-06-10,1.1281
312,2016-06-13,1.1282
313,2016-06-14,1.1206
314,2016-06-15,1.1239
315,2016-06-16,1.1158
316,2016-06-17,1.1256
317,2016-06-20,1.1318
318,2016-06-21,1.1262
319,2016-06-22,1.1286
320,2016-06-23,1.1373
321,2016-06-24,1.1126
322,2016-06-27,1.1024
323,2016-06-28,1.1054
324,2016-06-29,1.1117
325,2016-06-30,1.1032
326,2016-07-01,1.1145
327,2016-07-04,.
328,2016-07-05,1.1080
329,2016-07-06,1.1077
330,2016-07-07,1.1065
331,2016-07-08,1.1038
332,2016-07-11,1.1045
333,2016-07-12,1.1074
334,2016-07-13,1.1112
335,2016-07-14,1.1109
336,2016-07-15,1.1059
337,2016-07-18,1.1076
338,2016-07-19,1.1014
339,2016-07-20,1.1007
340,2016-07-21,1.1016
341,2016-07-22,1.0968
342,2016-07-25,1.0980
343,2016-07-26,1.0984
344,2016-07-27,1.0988
345,2016-07-28,1.1094
346,2016-07-29,1.1168
347,2016-08-01,1.1176
348,2016-08-02,1.1225
349,2016-08-03,1.1170
350,2016-08-04,1.1134
351,2016-08-05,1.1080
352,2016-08-08,1.1078
353,2016-08-09,1.1110
354,2016-08-10,1.1171
355,2016-08-11,1.1168
356,2016-08-12,1.1172
357,2016-08-15,1.1199
358,2016-08-16,1.1277
359,2016-08-17,1.1263
360,2016-08-18,1.1334
361,2016-08-19,1.1326
362,2016-08-22,1.1314
363,2016-08-23,1.1308
364,2016-08-24,1.1256
365,2016-08-25,1.1274
366,2016-08-26,1.1237
367,2016-08-29,1.1182
368,2016-08-30,1.1150
369,2016-08-31,1.1146
370,2016-09-01,1.1194
371,2016-09-02,1.1158
372,2016-09-05,.
373,2016-09-06,1.1237
374,2016-09-07,1.1238
375,2016-09-08,1.1256
376,2016-09-09,1.1214
377,2016-09-12,1.1230
378,2016-09-13,1.1242
379,2016-09-14,1.1271
380,2016-09-15,1.1246
381,2016-09-16,1.1160
382,2016-09-19,1.1179
383,2016-09-20,1.1172
384,2016-09-21,1.1165
385,2016-09-22,1.1229
386,2016-09-23,1.1223
387,2016-09-26,1.1270
388,2016-09-27,1.1208
389,2016-09-28,1.1200
390,2016-09-29,1.1244
391,2016-09-30,1.1238
392,2016-10-03,1.1210
393,2016-10-04,1.1212
394,2016-10-05,1.1196
395,2016-10-06,1.1158
396,2016-10-07,1.1156
397,2016-10-10,.
398,2016-10-11,1.1062
399,2016-10-12,1.1014
400,2016-10-13,1.1038
401,2016-10-14,1.0985
402,2016-10-17,1.1000
403,2016-10-18,1.0997
404,2016-10-19,1.0966
405,2016-10-20,1.0934
406,2016-10-21,1.0866
407,2016-10-24,1.0888
408,2016-10-25,1.0890
409,2016-10-26,1.0916
410,2016-10-27,1.0904
411,2016-10-28,1.0934
412,2016-10-31,1.0962
413,2016-11-01,1.1042
414,2016-11-02,1.1119
415,2016-11-03,1.1094
416,2016-11-04,1.1121
417,2016-11-07,1.1038
418,2016-11-08,1.1034
419,2016-11-09,1.0952
420,2016-11-10,1.0882
421,2016-11-11,.
422,2016-11-14,1.0723
423,2016-11-15,1.0726
424,2016-11-16,1.0699
425,2016-11-17,1.0656
426,2016-11-18,1.0600
427,2016-11-21,1.0597
428,2016-11-22,1.0618
429,2016-11-23,1.0560
430,2016-11-24,.
431,2016-11-25,1.0595
432,2016-11-28,1.0576
433,2016-11-29,1.0626
434,2016-11-30,1.0578
435,2016-12-01,1.0634
436,2016-12-02,1.0666
437,2016-12-05,1.0723
438,2016-12-06,1.0717
439,2016-12-07,1.0758
440,2016-12-08,1.0625
441,2016-12-09,1.0541
442,2016-12-12,1.0606
443,2016-12-13,1.0635
444,2016-12-14,1.0656
445,2016-12-15,1.0375
446,2016-12-16,1.0456
447,2016-12-19,1.0444
448,2016-12-20,1.0390
449,2016-12-21,1.0425
450,2016-12-22,1.0452
451,2016-12-23,1.0449
452,2016-12-26,.
453,2016-12-27,1.0458
454,2016-12-28,1.0389
455,2016-12-29,1.0486
456,2016-12-30,1.0552
457,2017-01-02,.
458,2017-01-03,1.0416
459,2017-01-04,1.0476
460,2017-01-05,1.0598
461,2017-01-06,1.0560
462,2017-01-09,1.0576
463,2017-01-10,1.0572
464,2017-01-11,1.0501
465,2017-01-12,1.0666
466,2017-01-13,1.0625
467,2017-01-16,.
468,2017-01-17,1.0695
469,2017-01-18,1.0682
470,2017-01-19,1.0630
471,2017-01-20,.
472,2017-01-23,1.0740
473,2017-01-24,1.0749
474,2017-01-25,1.0743
475,2017-01-26,1.0670
476,2017-01-27,1.0690
477,2017-01-30,1.0681
478,2017-01-31,1.0794
479,2017-02-01,1.0758
480,2017-02-02,1.0802
481,2017-02-03,1.0792
482,2017-02-06,1.0731
483,2017-02-07,1.0690
484,2017-02-08,1.0708
485,2017-02-09,1.0658
486,2017-02-10,1.0650
487,2017-02-13,1.0603
488,2017-02-14,1.0577
489,2017-02-15,1.0597
490,2017-02-16,1.0660
491,2017-02-17,1.0614
492,2017-02-20,.
493,2017-02-21,1.0551
494,2017-02-22,1.0555
495,2017-02-23,1.0586
496,2017-02-24,1.0580
497,2017-02-27,1.0624
498,2017-02-28,1.0618
499,2017-03-01,1.0564
500,2017-03-02,1.0514
501,2017-03-03,1.0552
502,2017-03-06,1.0586
503,2017-03-07,1.0582
504,2017-03-08,1.0547
505,2017-03-09,1.0586
506,2017-03-10,1.0667
507,2017-03-13,1.0670
508,2017-03-14,1.0645
509,2017-03-15,1.0630
510,2017-03-16,1.0738
511,2017-03-17,1.0742
512,2017-03-20,1.0754
513,2017-03-21,1.0810
514,2017-03-22,1.0800
515,2017-03-23,1.0787
516,2017-03-24,1.0806
517,2017-03-27,1.0882
518,2017-03-28,1.0852
519,2017-03-29,1.0756
520,2017-03-30,1.0726
521,2017-03-31,1.0698
522,2017-04-03,1.0655
523,2017-04-04,1.0664
524,2017-04-05,1.0661
525,2017-04-06,1.0651
526,2017-04-07,1.0616
527,2017-04-10,1.0606
528,2017-04-11,1.0614
529,2017-04-12,1.0611
530,2017-04-13,1.0630
531,2017-04-14,1.0625
532,2017-04-17,1.0660
533,2017-04-18,1.0706
534,2017-04-19,1.0707
535,2017-04-20,1.0758
536,2017-04-21,1.0694
537,2017-04-24,1.0846
538,2017-04-25,1.0941
539,2017-04-26,1.0872
540,2017-04-27,1.0864
541,2017-04-28,1.0895
542,2017-05-01,1.0912
543,2017-05-02,1.0910
544,2017-05-03,1.0920
545,2017-05-04,1.0967
546,2017-05-05,1.0996
547,2017-05-08,1.0928
548,2017-05-09,1.0875
549,2017-05-10,1.0873
550,2017-05-11,1.0869
551,2017-05-12,1.0926
552,2017-05-15,1.0979
553,2017-05-16,1.1072
554,2017-05-17,1.1134
555,2017-05-18,1.1130
556,2017-05-19,1.1190
557,2017-05-22,1.1236
558,2017-05-23,1.1198
559,2017-05-24,1.1175
560,2017-05-25,1.1218
561,2017-05-26,1.1170
562,2017-05-29,.
563,2017-05-30,1.1183
564,2017-05-31,1.1236
565,2017-06-01,1.1214
566,2017-06-02,1.1270
567,2017-06-05,1.1250
568,2017-06-06,1.1266
569,2017-06-07,1.1236
570,2017-06-08,1.1217
571,2017-06-09,1.1190
572,2017-06-12,1.1204
573,2017-06-13,1.1194
574,2017-06-14,1.1277
575,2017-06-15,1.1152
576,2017-06-16,1.1194
577,2017-06-19,1.1160
578,2017-06-20,1.1124
579,2017-06-21,1.1143
580,2017-06-22,1.1148
581,2017-06-23,1.1196
582,2017-06-26,1.1196
583,2017-06-27,1.1300
584,2017-06-28,1.1364
585,2017-06-29,1.1420
586,2017-06-30,1.1411
587,2017-07-03,1.1367
588,2017-07-04,.
589,2017-07-05,1.1336
590,2017-07-06,1.1409
591,2017-07-07,1.1396
592,2017-07-10,1.1396
593,2017-07-11,1.1430
594,2017-07-12,1.1411
595,2017-07-13,1.1385
596,2017-07-14,1.1452
597,2017-07-17,1.1470
598,2017-07-18,1.1578
599,2017-07-19,1.1518
600,2017-07-20,1.1634
601,2017-07-21,1.1655
602,2017-07-24,1.1642
603,2017-07-25,1.1656
604,2017-07-26,1.1632
605,2017-07-27,1.1656
606,2017-07-28,1.1754
607,2017-07-31,1.1826
608,2017-08-01,1.1799
609,2017-08-02,1.1861
610,2017-08-03,1.1880
611,2017-08-04,1.1754
612,2017-08-07,1.1788
613,2017-08-08,1.1724
614,2017-08-09,1.1748
615,2017-08-10,1.1751
616,2017-08-11,1.1811
617,2017-08-14,1.1786
618,2017-08-15,1.1736
619,2017-08-16,1.1703
620,2017-08-17,1.1736
621,2017-08-18,1.1748
622,2017-08-21,1.1814
623,2017-08-22,1.1762
624,2017-08-23,1.1802
625,2017-08-24,1.1801
626,2017-08-25,1.1874
627,2017-08-28,1.1973
628,2017-08-29,1.2025
629,2017-08-30,1.1927
630,2017-08-31,1.1894
631,2017-09-01,1.1878
632,2017-09-04,.
633,2017-09-05,1.1911
634,2017-09-06,1.1943
635,2017-09-07,1.2028
636,2017-09-08,1.2041
637,2017-09-11,1.1964
638,2017-09-12,1.1968
639,2017-09-13,1.1898
640,2017-09-14,1.1886
641,2017-09-15,1.1959
642,2017-09-18,1.1938
643,2017-09-19,1.1980
644,2017-09-20,1.1998
645,2017-09-21,1.1946
646,2017-09-22,1.1969
647,2017-09-25,1.1852
648,2017-09-26,1.1772
649,2017-09-27,1.1747
650,2017-09-28,1.1776
651,2017-09-29,1.1813
652,2017-10-02,1.1745
653,2017-10-03,1.1759
654,2017-10-04,1.1760
655,2017-10-05,1.1706
656,2017-10-06,1.1732
657,2017-10-09,.
658,2017-10-10,1.1804
659,2017-10-11,1.1847
660,2017-10-12,1.1840
661,2017-10-13,1.1837
662,2017-10-16,1.1810
663,2017-10-17,1.1754
664,2017-10-18,1.1775
665,2017-10-19,1.1842
666,2017-10-20,1.1770
667,2017-10-23,1.1762
668,2017-10-24,1.1766
669,2017-10-25,1.1802
670,2017-10-26,1.1700
671,2017-10-27,1.1580
672,2017-10-30,1.1626
673,2017-10-31,1.1648
674,2017-11-01,1.1618
675,2017-11-02,1.1672
676,2017-11-03,1.1616
677,2017-11-06,1.1600
678,2017-11-07,1.1577
679,2017-11-08,1.1591
680,2017-11-09,1.1648
681,2017-11-10,.
682,2017-11-13,1.1656
683,2017-11-14,1.1764
684,2017-11-15,1.1794
685,2017-11-16,1.1772
686,2017-11-17,1.1799
687,2017-11-20,1.1741
688,2017-11-21,1.1741
689,2017-11-22,1.1789
690,2017-11-23,.
691,2017-11-24,1.1936
692,2017-11-27,1.1911
693,2017-11-28,1.1878
694,2017-11-29,1.1858
695,2017-11-30,1.1898
696,2017-12-01,1.1910
697,2017-12-04,1.1848
698,2017-12-05,1.1820
699,2017-12-06,1.1788
700,2017-12-07,1.1790
701,2017-12-08,1.1761
702,2017-12-11,1.1802
703,2017-12-12,1.1725
704,2017-12-13,1.1762
705,2017-12-14,1.1778
706,2017-12-15,1.1778
707,2017-12-18,1.1804
708,2017-12-19,1.1822
709,2017-12-20,1.1881
710,2017-12-21,1.1872
711,2017-12-22,1.1839
712,2017-12-25,.
713,2017-12-26,1.1867
714,2017-12-27,1.1902
715,2017-12-28,1.1952
716,2017-12-29,1.2022
717,2018-01-01,.
718,2018-01-02,1.2050
719,2018-01-03,1.2030
720,2018-01-04,1.2064
721,2018-01-05,1.2039
722,2018-01-08,1.1973
723,2018-01-09,1.1922
724,2018-01-10,1.1958
725,2018-01-11,1.2035
726,2018-01-12,1.2130
727,2018-01-15,.
728,2018-01-16,1.2244
729,2018-01-17,1.2229
730,2018-01-18,1.2238
731,2018-01-19,1.2238
732,2018-01-22,1.2230
733,2018-01-23,1.2277
734,2018-01-24,1.2390
735,2018-01-25,1.2488
736,2018-01-26,1.2422
737,2018-01-29,1.2352
738,2018-01-30,1.2390
739,2018-01-31,1.2428
740,2018-02-01,1.2482
741,2018-02-02,1.2446
742,2018-02-05,1.2418
743,2018-02-06,1.2381
744,2018-02-07,1.2281
745,2018-02-08,1.2238
746,2018-02-09,1.2226
747,2018-02-12,1.2267
748,2018-02-13,1.2363
749,2018-02-14,1.2396
750,2018-02-15,1.2482
751,2018-02-16,1.2442
752,2018-02-19,.
753,2018-02-20,1.2348
754,2018-02-21,1.2314
755,2018-02-22,1.2326
756,2018-02-23,1.2298
757,2018-02-26,1.2296
758,2018-02-27,1.2239
759,2018-02-28,1.2211
760,2018-03-01,1.2216
761,2018-03-02,1.2314
762,2018-03-05,1.233
763,2018-03-06,1.2415
764,2018-03-07,1.2397
765,2018-03-08,1.2314
766,2018-03-09,1.2326
767,2018-03-12,1.2318
768,2018-03-13,1.2398
769,2018-03-14,1.2362
770,2018-03-15,1.2321
771,2018-03-16,1.228
772,2018-03-19,1.2329
773,2018-03-20,1.2271
774,2018-03-21,1.2268
775,2018-03-22,1.231
776,2018-03-23,1.236
777,2018-03-26,1.244
778,2018-03-27,1.241
779,2018-03-28,1.2351
780,2018-03-29,1.2297
781,2018-03-30,1.232
782,2018-04-02,1.2288
783,2018-04-03,1.2261
784,2018-04-04,1.2292
785,2018-04-05,1.223
786,2018-04-06,1.2274
787,2018-04-09,1.232
788,2018-04-10,1.2338
789,2018-04-11,1.2384
790,2018-04-12,1.232
791,2018-04-13,1.2322
792,2018-04-16,1.2373
793,2018-04-17,1.2345
794,2018-04-18,1.238
795,2018-04-19,1.2336
796,2018-04-20,1.2282
797,2018-04-23,1.2216
798,2018-04-24,1.2226
799,2018-04-25,1.2178
800,2018-04-26,1.2113
801,2018-04-27,1.2108
802,2018-04-30,1.2074
803,2018-05-01,1.2
804,2018-05-02,1.1968
805,2018-05-03,1.197
806,2018-05-04,1.1946
807,2018-05-07,1.1927
808,2018-05-08,1.1863
809,2018-05-09,1.1852
810,2018-05-10,1.1896
811,2018-05-11,1.1951
812,2018-05-14,1.1976
813,2018-05-15,1.1864
814,2018-05-16,1.1788
815,2018-05-17,1.1798
816,2018-05-18,1.1775
817,2018-05-21,1.1768
818,2018-05-22,1.1783
819,2018-05-23,1.1693
820,2018-05-24,1.1729
821,2018-05-25,1.1666
822,2018-05-28,.
823,2018-05-29,1.1551
824,2018-05-30,1.1664
825,2018-05-31,1.167
826,2018-06-01,1.1679
827,2018-06-04,1.1696
828,2018-06-05,1.1672
829,2018-06-06,1.1778
830,2018-06-07,1.1815
831,2018-06-08,1.1773
832,2018-06-11,1.1802
833,2018-06-12,1.1792
834,2018-06-13,1.1784
835,2018-06-14,1.1634
836,2018-06-15,1.1616
837,2018-06-18,1.1606
838,2018-06-19,1.1577
839,2018-06-20,1.1592
840,2018-06-21,1.16
841,2018-06-22,1.163
842,2018-06-25,1.1694
843,2018-06-26,1.1675
844,2018-06-27,1.1588
845,2018-06-28,1.1582
846,2018-06-29,1.1677
847,2018-07-02,1.1604
848,2018-07-03,1.1653
849,2018-07-04,.
850,2018-07-05,1.1697
851,2018-07-06,1.1738
852,2018-07-09,1.1744
853,2018-07-10,1.1728
854,2018-07-11,1.1722
855,2018-07-12,1.1692
856,2018-07-13,1.1667
857,2018-07-16,1.171
858,2018-07-17,1.1664
859,2018-07-18,1.1645
860,2018-07-19,1.1604
861,2018-07-20,1.1708
862,2018-07-23,1.1702
863,2018-07-24,1.1684
864,2018-07-25,1.1677
865,2018-07-26,1.1654
866,2018-07-27,1.166
867,2018-07-30,1.1718
868,2018-07-31,1.1706
869,2018-08-01,1.1666
870,2018-08-02,1.1612
871,2018-08-03,1.1597
872,2018-08-06,1.1564
873,2018-08-07,1.1597
874,2018-08-08,1.1598
875,2018-08-09,1.1566
876,2018-08-10,1.1399
877,2018-08-13,1.1396
878,2018-08-14,1.1351
879,2018-08-15,1.1332
880,2018-08-16,1.1388
881,2018-08-17,1.141
882,2018-08-20,1.1438
883,2018-08-21,1.1534
884,2018-08-22,1.1595
885,2018-08-23,1.1567
886,2018-08-24,1.1625
887,2018-08-27,1.1676
888,2018-08-28,1.172
889,2018-08-29,1.1699
890,2018-08-30,1.1646
891,2018-08-31,1.1596
892,2018-09-03,.
893,2018-09-04,1.1566
894,2018-09-05,1.162
895,2018-09-06,1.1624
896,2018-09-07,1.1572
897,2018-09-10,1.1604
898,2018-09-11,1.1591
899,2018-09-12,1.1626
900,2018-09-13,1.1672
901,2018-09-14,1.1656
902,2018-09-17,1.1687
903,2018-09-18,1.1693
904,2018-09-19,1.1685
905,2018-09-20,1.1744
906,2018-09-21,1.1739
907,2018-09-24,1.1773
908,2018-09-25,1.177
909,2018-09-26,1.1758
910,2018-09-27,1.167
911,2018-09-28,1.1622
912,2018-10-01,1.1567
913,2018-10-02,1.156
914,2018-10-03,1.1525
915,2018-10-04,1.1508
916,2018-10-05,1.1502
917,2018-10-08,.
918,2018-10-09,1.1482
919,2018-10-10,1.1541
920,2018-10-11,1.1565
921,2018-10-12,1.1559
922,2018-10-15,1.1594
923,2018-10-16,1.1593
924,2018-10-17,1.154
925,2018-10-18,1.1494
926,2018-10-19,1.1513
927,2018-10-22,1.1467
928,2018-10-23,1.148
929,2018-10-24,1.1389
930,2018-10-25,1.1374
931,2018-10-26,1.1388
932,2018-10-29,1.139
933,2018-10-30,1.1364
934,2018-10-31,1.1332
935,2018-11-01,1.1396
936,2018-11-02,1.1378
937,2018-11-05,1.1394
938,2018-11-06,1.1412
939,2018-11-07,1.1459
940,2018-11-08,1.1416
941,2018-11-09,1.1325
942,2018-11-12,.
943,2018-11-13,1.1288
944,2018-11-14,1.1312
945,2018-11-15,1.1324
946,2018-11-16,1.1402
947,2018-11-19,1.1448
948,2018-11-20,1.1391
949,2018-11-21,1.1393
950,2018-11-22,.
951,2018-11-23,1.1332
952,2018-11-26,1.1336
953,2018-11-27,1.1281
954,2018-11-28,1.1286
955,2018-11-29,1.1382
956,2018-11-30,1.1323
957,2018-12-03,1.1356
958,2018-12-04,1.1345
959,2018-12-05,.
960,2018-12-06,1.1374
961,2018-12-07,1.139
962,2018-12-10,1.1368
963,2018-12-11,1.1314
964,2018-12-12,1.1362
965,2018-12-13,1.1358
966,2018-12-14,1.13
967,2018-12-17,1.1339
968,2018-12-18,1.1364
969,2018-12-19,1.1422
970,2018-12-20,1.1432
971,2018-12-21,1.1402
972,2018-12-24,.
973,2018-12-25,.
974,2018-12-26,1.1408
975,2018-12-27,1.1412
976,2018-12-28,1.1445
977,2018-12-31,1.1456
978,2019-01-01,.
979,2019-01-02,1.1357
980,2019-01-03,1.1399
981,2019-01-04,1.141
982,2019-01-07,1.1468
983,2019-01-08,1.1444
984,2019-01-09,1.1524
985,2019-01-10,1.1517
986,2019-01-11,1.1479
987,2019-01-14,.
988,2019-01-15,1.1392
989,2019-01-16,1.1408
990,2019-01-17,1.1386
991,2019-01-18,1.1362
992,2019-01-21,.
993,2019-01-22,1.1359
994,2019-01-23,1.139
995,2019-01-24,1.1322
996,2019-01-25,1.1407
997,2019-01-28,1.1438
998,2019-01-29,1.1424
999,2019-01-30,1.1418
1000,2019-01-31,1.1454
1001,2019-02-01,1.1474
1002,2019-02-04,1.1438
1003,2019-02-05,1.1406
1004,2019-02-06,1.138
1005,2019-02-07,1.1357
1006,2019-02-08,1.1326
1007,2019-02-11,1.1277
1008,2019-02-12,1.1316
1009,2019-02-13,1.1288
1010,2019-02-14,1.1284
1011,2019-02-15,1.1268
1012,2019-02-18,.
1013,2019-02-19,1.1328
1014,2019-02-20,.
1015,2019-02-21,1.1338
1016,2019-02-22,1.1342
1017,2019-02-25,1.1345
1018,2019-02-26,1.1374
1019,2019-02-27,1.137
1020,2019-02-28,1.1379
1021,2019-03-01,1.1376
1022,2019-03-04,1.1328
1023,2019-03-05,1.13
1024,2019-03-06,1.132
1025,2019-03-07,1.1214
1026,2019-03-08,1.1243
1027,2019-03-11,1.1226
1028,2019-03-12,1.1276
1029,2019-03-13,1.131
1030,2019-03-14,1.1304
1031,2019-03-15,1.1326
1032,2019-03-18,1.1337
1033,2019-03-19,1.1346
1034,2019-03-20,1.1352
1035,2019-03-21,1.1361
1036,2019-03-22,1.1282
1037,2019-03-25,1.1324
1038,2019-03-26,1.128
1039,2019-03-27,1.125
1040,2019-03-28,1.1236
1041,2019-03-29,1.1228
1042,2019-04-01,1.121
1043,2019-04-02,1.1186
1044,2019-04-03,1.1242
1045,2019-04-04,1.1216
1046,2019-04-05,1.1217
1047,2019-04-08,1.1262
1048,2019-04-09,1.1278
1049,2019-04-10,1.1266
1050,2019-04-11,1.1262
1051,2019-04-12,1.1304
1052,2019-04-15,1.1304
1053,2019-04-16,1.1293
1054,2019-04-17,1.1297
1055,2019-04-18,1.1241
1056,2019-04-19,1.1246
1057,2019-04-22,1.1258
1058,2019-04-23,1.1213
1059,2019-04-24,1.1192
1060,2019-04-25,1.114
1061,2019-04-26,1.1154
1062,2019-04-29,1.1166
1063,2019-04-30,1.1201
1064,2019-05-01,1.1246
1065,2019-05-02,1.1184
1066,2019-05-03,1.1186
1067,2019-05-06,1.1197
1068,2019-05-07,1.1178
1069,2019-05-08,1.1206
1070,2019-05-09,1.1228
1071,2019-05-10,1.1241
1072,2019-05-13,1.1232
1073,2019-05-14,1.1207
1074,2019-05-15,1.1208
1075,2019-05-16,1.1178
1076,2019-05-17,1.1166
1077,2019-05-20,1.117
1078,2019-05-21,1.1158
1079,2019-05-22,1.1156
1080,2019-05-23,1.1172
1081,2019-05-24,1.1197
1082,2019-05-27,.
1083,2019-05-28,1.1177
1084,2019-05-29,1.1136
1085,2019-05-30,1.114
1086,2019-05-31,1.1149
1087,2019-06-03,1.1206
1088,2019-06-04,1.1236
1089,2019-06-05,1.1242
1090,2019-06-06,1.1294
1091,2019-06-07,1.1324
1092,2019-06-10,1.1311
1093,2019-06-11,1.1316
1094,2019-06-12,1.131
1095,2019-06-13,1.1275
1096,2019-06-14,1.1217
1097,2019-06-17,1.1235
1098,2019-06-18,1.1196
1099,2019-06-19,1.1214
1100,2019-06-20,1.1284
1101,2019-06-21,1.1328
1102,2019-06-24,1.1393
1103,2019-06-25,1.1386
1104,2019-06-26,1.139
1105,2019-06-27,1.1372
1106,2019-06-28,1.1374
1107,2019-07-01,1.1307
1108,2019-07-02,1.1301
1109,2019-07-03,1.1275
1110,2019-07-04,.
1111,2019-07-05,1.1216
1112,2019-07-08,1.1208
1113,2019-07-09,1.121
1114,2019-07-10,1.126
1115,2019-07-11,1.1261
1116,2019-07-12,1.1254
1117,2019-07-15,1.126
1118,2019-07-16,1.1212
1119,2019-07-17,1.1232
1120,2019-07-18,1.1228
1121,2019-07-19,1.122
1122,2019-07-22,1.1214
1123,2019-07-23,1.1156
1124,2019-07-24,1.1141
1125,2019-07-25,1.1156
1126,2019-07-26,1.1121
1127,2019-07-29,1.1142
1128,2019-07-30,1.1148
1129,2019-07-31,1.113
1130,2019-08-01,1.1062
1131,2019-08-02,1.1112
1132,2019-08-05,1.1197
1133,2019-08-06,1.1196
1134,2019-08-07,1.1236
1135,2019-08-08,1.121
1136,2019-08-09,1.1222
1137,2019-08-12,1.1212
1138,2019-08-13,1.1182
1139,2019-08-14,1.1144
1140,2019-08-15,1.1106
1141,2019-08-16,1.1091
1142,2019-08-19,1.1096
1143,2019-08-20,1.1092
1144,2019-08-21,1.1098
1145,2019-08-22,1.1089
1146,2019-08-23,1.1148
1147,2019-08-26,1.1112
1148,2019-08-27,1.1094
1149,2019-08-28,1.1084
1150,2019-08-29,1.1059
1151,2019-08-30,1.0989
1152,2019-09-02,.
1153,2019-09-03,1.0968
1154,2019-09-04,1.1025
1155,2019-09-05,1.1038
1156,2019-09-06,1.1042
1157,2019-09-09,1.1056
1158,2019-09-10,1.1042
1159,2019-09-11,1.1001
1160,2019-09-12,1.1074
1161,2019-09-13,1.1074
1162,2019-09-16,1.1006
1163,2019-09-17,1.1063
1164,2019-09-18,1.1061
1165,2019-09-19,1.1046
1166,2019-09-20,1.1004
1167,2019-09-23,1.0991
1168,2019-09-24,1.0999
1169,2019-09-25,1.0949
1170,2019-09-26,1.0938
1171,2019-09-27,1.0942
1172,2019-09-30,1.0905
1173,2019-10-01,1.0932
1174,2019-10-02,1.0951
1175,2019-10-03,1.0991
1176,2019-10-04,1.0974
1177,2019-10-07,1.0984
1178,2019-10-08,1.0949
1179,2019-10-09,1.0978
1180,2019-10-10,1.1018
1181,2019-10-11,1.1039
1182,2019-10-14,.
1183,2019-10-15,1.1036
1184,2019-10-16,1.1075
1185,2019-10-17,1.1129
1186,2019-10-18,1.1155
1187,2019-10-21,1.1145
1188,2019-10-22,1.1138
1189,2019-10-23,1.1118
1190,2019-10-24,1.1098
1191,2019-10-25,1.1081
1192,2019-10-28,1.1094
1193,2019-10-29,1.1117
1194,2019-10-30,1.1123
1195,2019-10-31,1.1155
1196,2019-11-01,1.1169
1197,2019-11-04,1.1144
1198,2019-11-05,1.107
1199,2019-11-06,1.1076
1200,2019-11-07,1.1045
1201,2019-11-08,1.1019
1202,2019-11-11,.
1203,2019-11-12,1.1017
1204,2019-11-13,1.1004
1205,2019-11-14,1.1016
1206,2019-11-15,1.1046
1207,2019-11-18,1.1079
1208,2019-11-19,1.1075
1209,2019-11-20,1.1063
1210,2019-11-21,1.1067
1211,2019-11-22,1.1029
1212,2019-11-25,1.1009
1213,2019-11-26,1.1012
1214,2019-11-27,1.1002
1215,2019-11-28,.
1216,2019-11-29,1.1019
1217,2019-12-02,1.1075
1218,2019-12-03,1.1089
1219,2019-12-04,1.1076
1220,2019-12-05,1.1104
1221,2019-12-06,1.1052
1222,2019-12-09,1.1067
1223,2019-12-10,1.109
1224,2019-12-11,1.1092
1225,2019-12-12,1.1115
1226,2019-12-13,1.1128
1227,2019-12-16,1.1139
1228,2019-12-17,1.1148
1229,2019-12-18,1.1113
1230,2019-12-19,1.1128
1231,2019-12-20,1.1076
1232,2019-12-23,1.1091
1233,2019-12-24,1.1084
1234,2019-12-25,.
1235,2019-12-26,1.1102
1236,2019-12-27,1.1174
1237,2019-12-30,1.1217
1238,2019-12-31,1.1227
1239,2020-01-01,.
1240,2020-01-02,1.1166
1241,2020-01-03,1.1173
1242,2020-01-06,1.1187
1243,2020-01-07,1.1138
1244,2020-01-08,1.1117
1245,2020-01-09,1.1106
1246,2020-01-10,1.1119
1247,2020-01-13,1.1138
1248,2020-01-14,1.113
1249,2020-01-15,1.116
1250,2020-01-16,1.1131
1251,2020-01-17,1.1093
1252,2020-01-20,.
1253,2020-01-21,1.1096
1254,2020-01-22,1.1085
1255,2020-01-23,1.1041
1256,2020-01-24,1.1026
1257,2020-01-27,1.1019
1258,2020-01-28,1.1008
1259,2020-01-29,1.1004
1260,2020-01-30,1.1032
1261,2020-01-31,1.1082
1262,2020-02-03,1.1062
1263,2020-02-04,1.1043
1264,2020-02-05,1.1006
1265,2020-02-06,1.0979
1266,2020-02-07,1.095
1267,2020-02-10,1.0916
1268,2020-02-11,1.0917
1269,2020-02-12,1.0893
1270,2020-02-13,1.0848
1271,2020-02-14,1.0839
1272,2020-02-17,.
1273,2020-02-18,1.0815
1274,2020-02-19,1.0794
1275,2020-02-20,1.0797
1276,2020-02-21,1.0855
1277,2020-02-24,1.0857
1278,2020-02-25,1.0868
1279,2020-02-26,1.0887
1280,2020-02-27,1.0977
1281,2020-02-28,1.1001
1282,2020-03-02,1.1164
1283,2020-03-03,1.1175
1284,2020-03-04,1.113
1285,2020-03-05,1.1202
1286,2020-03-06,1.1319
1287,2020-03-09,1.142
1288,2020-03-10,1.1342
1289,2020-03-11,1.128
1290,2020-03-12,1.1081
1291,2020-03-13,1.1066
1292,2020-03-16,1.1139
1293,2020-03-17,1.0971
1294,2020-03-18,1.0833
1295,2020-03-19,1.0699
1296,2020-03-20,1.0682
1297,2020-03-23,1.076
1298,2020-03-24,1.0794
1299,2020-03-25,1.0835
1300,2020-03-26,1.1025
1301,2020-03-27,1.1059
1302,2020-03-30,1.1018
1303,2020-03-31,1.1016
1304,2020-04-01,1.0934
1305,2020-04-02,1.0862
1306,2020-04-03,1.0797
